app_sent_time,up_sent_time,pod_received_time,up_received_time,app_received_time
1746378035867,1746378031080,1746378031234,1746378036707,1746378036713
1746378037688,1746378032930,1746378033078,1746378038528,1746378038532
1746378039976,1746378035161,1746378035304,1746378040665,1746378040669
1746378041917,1746378037034,1746378037177,1746378042621,1746378042624
1746378043663,1746378038842,1746378038988,1746378044354,1746378044356
1746378045127,1746378040247,1746378040458,1746378045895,1746378045898
1746378046659,1746378041785,1746378041927,1746378047433,1746378047437
1746378048234,1746378043369,1746378043512,1746378048971,1746378048974
1746378049706,1746378044819,1746378044965,1746378050403,1746378050406
1746378051127,1746378046264,1746378046406,1746378051833,1746378051836
1746378052607,1746378047737,1746378047883,1746378053268,1746378053271
1746378054004,1746378049094,1746378049237,1746378054592,1746378054595
1746378055547,1746378050702,1746378050846,1746378056233,1746378056236
1746378056961,1746378052117,1746378052259,1746378057671,1746378057674
1746378058542,1746378053711,1746378053857,1746378059332,1746378059346
1746378060130,1746378055227,1746378055379,1746378060729,1746378060732
1746378061715,1746378056833,1746378056984,1746378062374,1746378062378
1746378063223,1746378058379,1746378058529,1746378063915,1746378063918
1746378064827,1746378059975,1746378060119,1746378065554,1746378065558
1746378066353,1746378061442,1746378061585,1746378066985,1746378066989
1746378067737,1746378062806,1746378062950,1746378068317,1746378068322
1746378069051,1746378064143,1746378064294,1746378069754,1746378069757
1746378070492,1746378065591,1746378065735,1746378071190,1746378071192
1746378071998,1746378067160,1746378067310,1746378072724,1746378072728
1746378073538,1746378068679,1746378068825,1746378074266,1746378074269
1746378075109,1746378070200,1746378070343,1746378075798,1746378075802
1746378076825,1746378071961,1746378072111,1746378077541,1746378077545
1746378078246,1746378073351,1746378073497,1746378078861,1746378078865
1746378079742,1746378074886,1746378075105,1746378080521,1746378080529
1746378081402,1746378076541,1746378076685,1746378082143,1746378082146
1746378082972,1746378078088,1746378078231,1746378083679,1746378083681
1746378084431,1746378079528,1746378079670,1746378085112,1746378085115
1746378085940,1746378081076,1746378081293,1746378086750,1746378086767
1746378087652,1746378082789,1746378082935,1746378088391,1746378088394
1746378089284,1746378084424,1746378084567,1746378089921,1746378089923
1746378090749,1746378085815,1746378085964,1746378091352,1746378091356
1746378092275,1746378087433,1746378087577,1746378092992,1746378092995
1746378093833,1746378088909,1746378089052,1746378094430,1746378094433
1746378095258,1746378090378,1746378090526,1746378095963,1746378095966
1746378096860,1746378092009,1746378092151,1746378097610,1746378097616
1746378098690,1746378093827,1746378093971,1746378099344,1746378099348
1746378100228,1746378095298,1746378095440,1746378100882,1746378100886
1746378101688,1746378096776,1746378096935,1746378102311,1746378102315
1746378103101,1746378098182,1746378098326,1746378103743,1746378103746
1746378104635,1746378099794,1746378099934,1746378105385,1746378105387
1746378106270,1746378101370,1746378101510,1746378106926,1746378106929
1746378107705,1746378102811,1746378102952,1746378108357,1746378108359
1746378109317,1746378104393,1746378104536,1746378109888,1746378109891
1746378110854,1746378105977,1746378106187,1746378111644,1746378111659
1746378112331,1746378107481,1746378107621,1746378113066,1746378113069
1746378113814,1746378108914,1746378109055,1746378114499,1746378114502
1746378118449,1746378113597,1746378113744,1746378119103,1746378119109
1746378120981,1746378116119,1746378116261,1746378121662,1746378121665
1746378122770,1746378117895,1746378118041,1746378123411,1746378123414
1746378124545,1746378119668,1746378119810,1746378125150,1746378125153
1746378126390,1746378121526,1746378121668,1746378127103,1746378127106
1746378128192,1746378123292,1746378123432,1746378128835,1746378128837
1746378129597,1746378124683,1746378124825,1746378130269,1746378130272
1746378130893,1746378125980,1746378126123,1746378131496,1746378131499
1746378132145,1746378127195,1746378127338,1746378132725,1746378132728
1746378133476,1746378128560,1746378128702,1746378134061,1746378134064
1746378134894,1746378130042,1746378130183,1746378135591,1746378135594
1746378136620,1746378131761,1746378131901,1746378137346,1746378137353
1746378138165,1746378133260,1746378133406,1746378138770,1746378138775
1746378139713,1746378134805,1746378134951,1746378140313,1746378140317
1746378140997,1746378136079,1746378136219,1746378141639,1746378141643
1746378142926,1746378138078,1746378138220,1746378143586,1746378143589
1746378144887,1746378139948,1746378140203,1746378145629,1746378145632
1746378147120,1746378142199,1746378142342,1746378147782,1746378147785
1746378149388,1746378144477,1746378144621,1746378150031,1746378150034
1746378151373,1746378146549,1746378146693,1746378152070,1746378152073
1746378153101,1746378148221,1746378148377,1746378153820,1746378153823
1746378155028,1746378150147,1746378150290,1746378155664,1746378155667
1746378156747,1746378151867,1746378152013,1746378157403,1746378157406
1746378158502,1746378153587,1746378153732,1746378159152,1746378159155
1746378160340,1746378155428,1746378155571,1746378160986,1746378160989
1746378162247,1746378157329,1746378157472,1746378162826,1746378162828
1746378162916,1746378157996,1746378158143,1746378163558,1746378163561
1746378165000,1746378160090,1746378160231,1746378165596,1746378165599
1746378166768,1746378161858,1746378162009,1746378167443,1746378167446
1746378168691,1746378163774,1746378163915,1746378169284,1746378169286
1746378170509,1746378165629,1746378165773,1746378171229,1746378171232
1746378172048,1746378167144,1746378167289,1746378172658,1746378172662
1746378173367,1746378168464,1746378168608,1746378174218,1746378174244
1746378173984,1746378169073,1746378169214,1746378174608,1746378174622
1746378176827,1746378171968,1746378172108,1746378177481,1746378177484
1746378178367,1746378173489,1746378173632,1746378179012,1746378179016
1746378179849,1746378174934,1746378175075,1746378180448,1746378180451
1746378181454,1746378176527,1746378176740,1746378182189,1746378182192
