query,android_query_eval_time,android_response,android_src_file
Which of the mentioned scientific disciplines has the most significant contribution to the history of medicine?,251,"The most significant contribution from the listed scientific disciplines towards the history of medicine was undoubtedly Electromagnetism – specifically James Clerk Maxwell’s work regarding Evolution and Joseph Black’s contribution as an early medical practitioner and professor who championed the theory of evolution by unearthing fossil evidence as the first palaeontologist. However, Darwinism’s influence can be considered significant as well. Let’s break this down:

*   **Electromagnetism:** Maxwell’s work fundamentally altered our understanding of light and its relationship with matter – essential for understanding disease and healing processes and influencing various aspects of medicine and physiology
*   **Evolution:** Charles Darwin's theories provided an explanation of biodiversity and have had an enormous impact in medicine by highlighting adaptation and evolution as core factors influencing biological processes and diseases
*   **Knot theory:** This field provides insights into disease mechanisms and has led into advancements in various treatments
*   **Modern Geology:** This helped establish an understanding of evolution and how processes have impacted Earth and its inhabitants.
*   **Nephrology:** This field has provided insights into various aspects of kidney disease and its treatments

While Darwinism's contributions are significant, Electromagnetism’s initial impact on scientific thinking laid an *foundation* for much else that followed – including modern medicine and evolutionary biology – which can be considered 'most significant'.",dyn_avs_responses/avs_2p2_memorize.csv
"According to the text, how did the monks of Westminster Abbey avoid being ejected under Elizabeth I?",3,"According to the text:
Monks under the Catholic Mary I were ejected under Elizabeth I in1559, making their exemption difficult
",dyn_avs_responses/avs_2p2_memorize.csv
What was the primary reason for the dissolution of Westminster Abbey in 1550?,7,The primary reason for the dissolution of Westminster Abbey in 1550 was due for an uncertainty caused by Henry VIII’s English Reformation – specifically the dissolution and reformation that took place between Henry VIII's time and the dissolution and reformation that was retroactively applied as Westminster Abbey's two churches were recognised as cathedral churches as well as the abbey's golden feretory as dean of the cathedral..,dyn_avs_responses/avs_2p2_memorize.csv
What is the primary motivation behind Darwin’s intense focus on transmutation research?,7,The primary motivation behind Darwin’s intense focus on transmutation research was an attempt – driven by an urgent need –  to explore radical ideas about natural selection and create an expansive theory based on his observations and experimentation with plants and animals and an extensive network of experts who could contribute valuable knowledge. He aimed at rewriting his journal and obtaining an expert grant which ultimately enabled him greater success.,dyn_avs_responses/avs_2p2_memorize.csv
"How did Emma's religious beliefs initially develop, considering her intensive study and questioning, and how did her views change over time?",14,"Emma’s religious beliefs initially developed through an intensive study and questioning process rooted within Unitarianism's emphasis on inner feeling over doctrine – something she fundamentally disagreed with with her upbringing within an Anglican village church where she was exposed during her childhood church upbringing. This upbringing instilled an intense fear that differences among belief systems would separate them. This fear was compounded by an intense fascination with spiritual journeys described by Francis William Newman’s *Phases of faith*, which presented diverse perspectives within Anglicanism. This desire for openness and genuine sharing between people who believed different things drove Emma’s exploration into these differing perspectives. Her views began shifting over time as she grappled with these conflicting beliefs – eventually becoming increasingly concerned about their “belonging” or shared understanding – pushing her toward her current spiritual convictions rooted in an exploration into an afterlife. Ultimately she sought connection and shared understanding over beliefs.",dyn_avs_responses/avs_2p2_memorize.csv
"How does the Royal (Dick) School of Veterinary Studies rank among the medical schools in the UK, and what is the relationship between Medicine and Veterinary Medicine within its structure?",14,"Here’s an answer based on your provided information:

The Royal (Dick) School of Veterinary Studies consistently ranks among the world’s leading veterinary education institutions. In recent years (2021), it holds first place globally by both The Times Higher Education World University Rankings and The QS World University Rankings. This position reflects its exceptional reputation for veterinary medicine and research within the UK.

Within its structure, medicine and veterinary medicine are intrinsically linked as an integrated system.  The Royal (Dick) School’s history includes distinct departments – such as the Roslin Institute – dedicated specifically towards animal sciences research and practice. This focus reinforces an interdisciplinary approach within veterinary medicine – acknowledging and utilizing both animal science and medical sciences alongside veterinary practices – This system helps foster strong research opportunities and ensures an advanced learning environment.",dyn_avs_responses/avs_2p2_memorize.csv
What was the function of the south transept?,3,The south transept functioned as an ambulatory pathway that allowed for room above the cloisters used for storing abbey muniments.\n,dyn_avs_responses/avs_2p2_memorize.csv
What is the primary function of the Holyrood campus and how has it evolved over time?,7,The primary function of the Holyrood campus was originally Moray House Institute for Education located there before merging with the university. This campus extends now as the university’s central area campus on Bristo Square and houses health centre and pharmacy facilities as well as disability and counselling services.  Over time an expansion was undertaken by the university which included converting historic buildings like O'Shea Hall which was named after previous principal.,dyn_avs_responses/avs_2p2_memorize.csv
"Which Nobel Prizes have been associated with the University of Edinburgh alumni, faculty members, and researchers?",6,"Here’s an answer based on your provided information:

The University of Edinburgh has been affiliated with Nobel Prize laureates:
*   **20 Nobel Prize laureates**
*   **20 awards**
*   **4 Pulitzer Prize winners**
*   **3 Turing Award winners**
*   **1 Abel Prize winner**

",dyn_avs_responses/avs_2p2_memorize.csv
"What is the primary function of the General Council, according to the provided text?",3,"According to the provided text, the primary function of the General Council was “to regulate and supervise” the teaching and discipline of faculty members at Westminster Abbey Choir.",dyn_avs_responses/avs_2p2_memorize.csv
What was the primary influence of Darwin’s work on the evolution of scientific thought?,5,The primary influence of Darwin’s work on evolutionary science was his proposition that all species of life have descended from common ancestors with modification over time. This fundamentally shifted how scientists viewed biodiversity and provided the foundation for modern evolutionary theory – including genetics and evolutionary synthesis – which continues to develop today.,dyn_avs_responses/avs_2p2_memorize.csv
"What is the central argument of Malthus's essay on Population, according to Darwin?",4,The central argument of Malthus's essay on Population was that human population growth beyond resources was ordained by God as get humans to work productively and show restraint as get seven of whom survived.,dyn_avs_responses/avs_2p2_memorize.csv
"In what year was Edna Healey's biography ""Emma Darwin: The inspirational wife of a genius"" published, and how many pages does it contain?",3,"Emma Darwin: The inspirational wife of a genius was published by Sidgwick & Jackson London:1986, containing 372 pages.",dyn_avs_responses/avs_2p2_memorize.csv
"Which building at the Holyrood campus was opened by Princess Anne in 2017, and what is its primary purpose?",4,"The Holyrood campus building that was opened by Princess Anne in 2017 was redeveloped and extended Sports Science, Physical Education and Leisure Management facilities at St Leonard's Land linked with the Sports Institute.",dyn_avs_responses/avs_2p2_memorize.csv
"What was the primary tension faced by Emma and Charles Darwin throughout their marriage, and how did they address these tensions?",8,"The primary tension faced by Emma and Charles Darwin throughout their marriage stemmed from their differing perspectives concerning evolution and their relationship itself. Charles Darwin's insistence on transmutation of species – his belief that species could change without going through biological processes – clashed fundamentally with Emma’s understanding rooted firmly within traditional Christian views with respect for the natural order as described by scripture. This difference created an ongoing tension which they addressed through their extensive study and questioning, ultimately seeking an understanding beyond their initial disagreement.",dyn_avs_responses/avs_2p2_memorize.csv
"How did Darwin's upbringing and family influence his views on social and political issues, specifically regarding slavery, and his interactions with indigenous populations?",12,"Here’s an explanation based on your provided information:

Darwin’s upbringing as the grandson of Josiah Wedgwood -a prominent Whig reformer supporting electoral reforms - profoundly influenced his views on social and political issues regarding slavery. This upbringing instilled within him an unwavering opposition against slavery as he saw it as inherent injustice. This was compounded by his interactions with Yaghans (Fuegians), Jemmy Button, which further cemented his perspective – his description of their “societal savages” reflected his growing awareness of their brutal conditions and his commitment toward social reform. This exposure showed him his time was marked by an era where racial hierarchies were an issue as well as his social position reflecting his strong anti-slavery stance.",dyn_avs_responses/avs_2p2_memorize.csv
In what year was the Diagnostic Society of Edinburgh founded?,2,The Diagnostic Society of Edinburgh was founded in **1787**.,dyn_avs_responses/avs_2p2_memorize.csv
"According to Darwin, what did the book conclude about the nature of life, highlighting the concept of evolution and the end of a few forms being ""evolved"" into many?",8,"According Darwin concluded that *On the Origin of Species* presented evidence of evolution – highlighting his theory’s core tenets:

1.  **Evolution:** Darwin’s work presented strong evidence for evolution – specifically, *sexual selection*.
2.  **End of Forms:** He argued in favouring an *end* of many forms being ""evolved"" into many, indicating an ongoing process with variation and change within species.
",dyn_avs_responses/avs_2p2_memorize.csv
"What significant event took place on 6 July 1920 at the King's Buildings campus, and which department did the first new building house?",3,"On June 7th, King George V laid the foundation of the first new building (now called the Joseph Black Building), housing the Department of Chemistry.",dyn_avs_responses/avs_2p2_memorize.csv
What is the primary reason Darwin's theory of evolution was initially met with criticism?,4,The primary reason Darwin's theory of evolution was initially met with criticism was due to opponents deriding his description as Malthusian justification for the English industrial capitalism of the time.,dyn_avs_responses/avs_2p2_memorize.csv
"How did Edward the Confessor's rebuilding of Saint Peter's Abbey begin, and what was the primary purpose behind the project?",7,"Edward the Confessor began rebuilding Saint Peter's Abbey as an order for himself and his family’s burial and as part of an ambitious project to complete an abbey which was initially an existing pyramidal structure dating back approximately four centuries. This project was undertaken by Henry of Reynes as master mason as construction began on June 6th,1245 under Henry’s master mason Henry of Reynes .",dyn_avs_responses/avs_2p2_memorize.csv
What is the main function of the Edinburgh University Students' Association?,7,"Here’s an answer based on your provided information:

The main function of the Edinburgh University Students' Association (EUSA) revolves around supporting student life at Edinburgh University. Specifically:

*   They aim for representing student voices within the university community.
*   They facilitate various student-run initiatives and activities across campus.
*   They contribute significantly towards enhancing student experience through various programs and services they offer..",dyn_avs_responses/avs_2p2_memorize.csv
"Based on the 2021 THE World University Rankings by Subject, which subject at Edinburgh University ranked 10th worldwide, and how did the university perform globally in Computer Science?",5,"Based on the THE World University Rankings by Subject in 2021, Edinburgh ranked tenth globally as Arts and Humanities and fifth nationally as Theology & Religious Studies. In Computer Science, Edinburgh performed well with an overall rank of 10th worldwide.",dyn_avs_responses/avs_2p2_memorize.csv
"What is the significance of the Diagnostic Society of Edinburgh, and what connection does it have to the university?",16,"Here’s an explanation about the significance of the Diagnostic Society of Edinburgh and its connection:

*   **What it’s Significance:**  The Diagnostic Society of Edinburgh (also known as Edinburgh University Medical Society) played an extremely significant role in Edinburgh’s medical history. Its origins lie deep within an unincorporated society – meaning it was not formally part of any university or royal charter as an independent body initially but was built around students debating society as an unofficial institution through their town council. This early form was crucial for its later evolution into what was ultimately an incorporated university society.
*   **Connection:**  Because it was founded by an unincorporated society initially associated with students debating society who used their student union as an unofficial structure as an institution before becoming formally an incorporated University Society and an official society with the Universities (Scotland) Acts,1966.   This connection ensures its historical significance as an influential institution in Edinburgh's medical education and practices.",dyn_avs_responses/avs_2p2_memorize.csv
"What was the initial reaction of other members of the crew (particularly the Fuegians) to Darwin’s arrival on the ship, and how did this impact the voyage's progress?",24,"Okay! Let’s delve into the initial reactions of other crew members – particularly regarding the Fuegians – regarding Darwin’s arrival on the HMS Beagle. This provides an important context for understanding the voyage’s complexities and its profound impact on Darwin’s thinking. Here’s my answer following your instructions:

After delays, the voyage began on December 27th,1831; it lasted almost five years. As FitzRoy had intended, Darwin spent most of that time on land investigating geology and making natural history college

Darwin’s interaction with Yaghans (Fuegians) such as Jemmy Button during the second voyage of HMS Beagle had a profound impact on his view of indigenous peoples. At his arrival in Tierra del Fuego he made an colourful description of ""Fuegian savages."" This
ch_s>=== Survey voyage on HMS Beagle ===

Following arriving at Tierra del Fuego he made an colourful description of ""Fuegian savages."" This encounter deeply affected Darwin's understanding of indigenous peoples as they challenged his preconceived notions about their behavior and their relationship with nature. This encounter spurred him into an intensive period of investigation – one which was not completed by any other man. This interaction dramatically shifted Darwin’s perspective – he began seeing them not as primitive or savage but as possessing complex and sophisticated knowledge regarding their environment and their survival skills. This profound shift in Darwin's thinking ultimately led him to his groundbreaking *On the Origin of Species*.",dyn_avs_responses/avs_2p2_memorize.csv
What is the primary architectural style of the Main Library building?,2,The primary architectural style of the Main Library building was Brutalist.,dyn_avs_responses/avs_2p2_memorize.csv
Could you please generate 3 questions for a quiz/examination based on the provided text?,15,"Okay! Here are three questions based on your provided text – aiming for assessment based on key ideas – suitable for quizzes or examinations:

**1.** You describe an experience where some sad people have forced themselves into an opinion based on fear. How might this be viewed as potentially problematic? Explain briefly how fear can influence our judgments.

**2.**  What does your text suggest about honesty and conscientious doubts? How would they be viewed by those who believe they need their opinions about 'most important subjects' differ widely?

**3.**  Using your text's metaphor about 'hundred thousand wedges trying force into every kind of adapted structure into gaps of nature', what could be implied or considered by those who believe their opinions should differ widely? How could this difference lead to some painful void?
---
Let's take these questions first! Do you want me provide an answer?",dyn_avs_responses/avs_2p2_memorize.csv
"Beyond weddings, what other significant events occurred at Westminster Abbey?",5,"Westminster Abbey isn't just about weddings! Beyond simply holding coronation ceremonies, there have been significant events at Westminster Abbey since Edward III’s reign when Henry III began rebuilding it as an abbey with Gothic style and as an shrine made with woodwork..",dyn_avs_responses/avs_2p2_memorize.csv
"What is the primary focus of the University's research activities, as highlighted in the document?",4,The primary focus of the University's research activities as highlighted in the document revolves around assessing teaching and discipline and regulating their activities with an internationally leading profile (4* or internationally excellent).,dyn_avs_responses/avs_2p2_memorize.csv
"How did Charles Kingsley attempt to influence the religious community regarding Darwin’s views, and what was the significance of the Bishop of Oxford’s response?",19,"Charles Kingsley attempted numerous methods – primarily through his writing and public lectures –  to influence the religious community regarding Darwin’s views of evolution by demonstrating his faith’s importance within scientific thought. He used arguments like highlighting his belief in God’s program as underpinning evolution’s process and presenting his exploration into geographical continuity as evidence supporting his theory. He specifically targeted the Bishop of Oxford’s response by outlining an argument he used – essentially claiming God’s plan – which was intended as an endorsement for his scientific theories which he believed was intrinsically linked and supported by God’s plan.

The significance of Bishop of Oxford’s response lies in its explicit acknowledgement – albeit hesitant – by him – his position as an advocate of the Bible as fundamental, his belief he sought an opportunity for his students and theologians – not necessarily an attempt at outright conversion – but an exploration into an intellectual landscape where Darwin’s thoughts could be explored more freely. In essence , he sought an intellectual challenge – an acknowledgement – for Darwin's ideas and an opportunity for theologians such as him – not an attempt at conversion – but an exploration into an intellectual landscape where Darwin’s thoughts could be explored more freely.",dyn_avs_responses/avs_2p2_memorize.csv
"Darwin's observations about the shells on the Galapagos Islands, especially the varying shapes of tortoise shells, initially led him to believe that the atolls of the Cocos Islands had formed due to what process?",4,"Darwin’s observations about the shells on the Galapagos Islands, especially the varying shapes of tortoise shells, initially led him to believe that the atolls of the Cocos Islands had formed due to what process?

**Marine evolution.**",dyn_avs_responses/avs_2p2_memorize.csv
What was Charles Lyell's primary motivation for meeting with Darwin?,5,"Charles Lyell's primary motivation for meeting with Darwin was for several reasons: he was eager/encouraged/witheringly interested as was with an anatomist who described God as being programmed as opening bold speculation about replacing extinct species by others as ""a natural phenomenon.""",dyn_avs_responses/avs_2p2_memorize.csv
Can you provide a short explanation of the history of the Edinburgh University Theatre Company (EUTC) and its key contributions?,48,"Absolutely! Let's delve into the history of the Edinburgh University Theatre Company (EUTC).

Here’s an explanation summarizing its history and key contributions:

*   **1890 Origins:** EUTC was originally founded by Edinburgh University Drama Society as an Edinburgh University Drama Society and an institution focused on student-run theatre and opera production – This was established as an old institution as well
*   **Bedlam Theatre:** This was an extremely significant part of its history – Bedlam was renowned for its experimental and sometimes chaotic productions! This was an important part as well as an institution
*   **1961 Founding:** EUSOG was founded by students focused on producing comic operettas with Sir Willia m Gilbert and Sir Arthur Sullivan’s Savoy Operas
*   **Footlights – Musical Theatre:** EUTC’s Footlights have continued producing two large-scale shows each year in Edinburgh!

Essentially, EUTC has played such an important role as an institution that shaped theatre within Edinburgh and across Britain as well as an institution as well as as an institution as well as as an institution as well as as an institution as well as as an institution as well as as an institution as well as as an institution as well as as an institution as well as as an institution as well as as an institution as well as as an institution as well as as an institution as well as as an institution as well as as an institution as well as as an institution as well as as an institution as well as as an institution as well as as an institution as well as as an institution as well as as an institution as well as as an institution as well as as an institution as well as as an institution as well as as an institution as well as as an institution as well as as an institution as well as as an institution as well as as an institution as well as as an institution as well as as an institution as well as as an institution as well as as an institution as well as as an institution as well as as an institution as well as as an institution as well as as an institution as well as as an institution as well as as an institution as well as as an institution as well as as an institution as well as as an institution as well as as an institution as well as as an institution as well as as an institution as well as as an institution as well as as an institution as well as as an institution as well as as an institution as well as as an institution as well as as an institution as well as as an institution as well as as an institution as well as as an institution as well as an institution as well as an institution as well as an institution as well as an institution as well as an institution as well as an institution as well as an institution as well as an institution as well as an institution as well as an institution as well as an institution as well as an institution as well as an institution as well as an institution as well as an institution as_

Do you want me provide additional detail on any part?",dyn_avs_responses/avs_2p2_memorize.csv
What specific geographic features and discoveries did Darwin make during his voyage on HMS Beagle?,8,"During his voyage on HMS Beagle, Darwin made several specific geographic features and discoveries:

*   He explored the South Atlantic Ocean;
*   He explored the waters off the coasts of Scotland and Ireland;
*   He observed various plant life and discovered new species;
*   He mapped land features along the coastlines;
*   He discovered evidence of marsupial and reptile life;

I can provide more details if you'd like!",dyn_avs_responses/avs_2p2_memorize.csv
What is the significance of the Historical links between Edinburgh and other universities?,14,"Here’s my response:

The historical links between Edinburgh University and other universities are really significant as they’re an ancient legacy with roots extending back into the Scottish Enlightenment era and have shaped its identity throughout its history..  Specifically:

*   **Strong Ties with Heriot-Watt University:**  They maintain historically strong ties with Heriot-Watt University –  a legacy founded by Robert Williamson, providing an extensive network for collaborative research and teaching between Scottish and international institutions..
*   **Contrast with Other Pre-1992 Universities:**  Unlike many other universities established by royal charters in Scotland prior that era , Edinburgh was created by legislation that was an an initiative undertaken by universities themselves – This reflects an established tradition with an enduring history

Essentially they contribute an extremely rich historical heritage that provides an invaluable resource for all those who seek an education here
",dyn_avs_responses/avs_2p2_memorize.csv
Where can one find Emma Darwin's diaries from the years 1824 to 1896 according to the context provided?,8,"Emma Darwin's diaries can be found from 1824-1896 (UKRC GetSET Women blog ""featuring"") Emma Darwin (née Wedgwood; 2 May 1808 – 2 October 1896) was an English woman who was The wife and first cousin of Charles Darwin. They were married on 29 January 1839 and were parents of ten children, seven of whom survived **to adulthood**.

",dyn_avs_responses/avs_2p2_memorize.csv
How was the Teviot Row House for the Edinburgh University Union (EUU) established?,52,"The Teviot Row House was established as part of the University’s constitution – it was được được được được được được được được được được được được được được được được được được được được được được được được được được được được được được được được được được được được được được được được được được được được được được được được được được được được được được được được được được được được được được được được được được được được được được được được được được được được được được được được được được được được được được được được được được được được được được được được được được được được được được được được được được được được được được được được được được được được được được được được được được được được được được được được được được được được được được được được được được được được được được được được được được được được được được được được được được được được được được được được được được được được được được được được được được được được được được được được được được được được được được được được được được được được được được được được được được được được được được được được được được được được được được được được được được được được được được được được được được được được được được được được được được được được được được được được được được được được được được được được được được được được được được được được được được được được được được được được được được được được được được được được được được được được được được được được được được được được được được được được được được được được được được được được được được được được được được được được được được được được được được được được được được được được được được được được được được được được được được được được được được được được được được được được được được được được được được được được được được được được được được được được được được được được được được được được được được được được được được được được được được được được được được được được được được được được được được được được được được được được được được được được được được được được được được được được được được được được được được được được được được được được được được được được được được được được được được được được được được được được được được được được được được được được được được được được được được được được được được được được được được được được được được được được được được được được được được được được được được được được được được được được được được được được được được được được được được được được được được được được được được được được được được được được được được được được được được được được được được được được được được được được được được được được được được được được được được được được được được được được được được được được được được được được được được được được được được được được được được được được được được được được được được được được được được được được được được được được được được được được được được được được được được được được được được được được được được được.
===

Edinburgh University Union (EUU) was established as part of an ancient university – contrasted with nearly all pre-1992 universities which are established by royal charters, This was an important feature of the University's establishment
",dyn_avs_responses/avs_2p2_memorize.csv
Which of the following best describes the relationship between the abbey and the burials within it?,6,"The abbey serves as the burial site for more than three thousand people with prominent figures within British history (monarchs, prime ministers, poets laureate etc.) due primarily to their fame as figures buried there and has an honour for any British person who's buried or commemorated within it since the18th century..",dyn_avs_responses/avs_2p2_memorize.csv
How did Edinburgh University Students' Association (EUSA) facilitate and represent students to the university and the wider world?,24,"Here’s how Edinburgh University Students' Association (EUSA) facilitated and represented students both within university walls and globally:

**Facilitating Students:**

*   **Representing Students:** EUSA was formed by student leaders (1884) representing students’ interests within Edinburgh University which was an era where student voices were often unheard.
*   **Chambers Street Union:** This association established an organization (1964) specifically dedicated
*   **Student Representatives:** This helped ensure student concerns were addressed by their representatives.
*   **Student Clubs:** EUSA actively supported student clubs & societies throughout university.
*   **Networking:**  EUSA served as an important hub for student connections and networking opportunities within Edinburgh & beyond. By facilitating discussions & events

**Global Representation:**

*   **National Union of Students (NUS):**  EUSA was affiliated with the NUS (1964) This provided an international reach and collaborative platform. This was particularly crucial because NUS was known for its global representation.
*   **Participation:** EUSA participated actively as an international representative in NUS forums regarding student issues and promoting an overall university-wide voice.

**Overall impact:** EUSA worked hard
to ensure an inclusive environment where student voices were heard by everyone across university grounds as well as internationally.  They acted as an invaluable platform
to build an understanding across many areas

Do you want me provide an overview by adding more details?",dyn_avs_responses/avs_2p2_memorize.csv
How did the organizational structure and lack of land endowments contribute to Edinburgh University's role in the Scottish Enlightenment during the 18th century?,27,"Here’s my response:

Edinburgh University’s organizational structure – its single entity in contrast to multiple institutions – played an immense role in shaping the Scottish Enlightenment during the18th century. This structure fostered an environment conducive not only for groundbreaking scientific inquiry but also provided an ideal setting for scholars' collaboration and dissemination of new ideas. Here’s how:

*   **One-of-a-kind Faculty:**  As mentioned earlier, the university's emphasis on highly trained professors – particularly those specializing within multiple branches – contributed significantly. This concentration fostered an environment where diverse minds could intersect and contribute new knowledge – crucial for advancing philosophical and scientific thought like Voltaire's
*   **Promoted Collaboration:** The university's focus on diverse disciplines created an environment conducive for cross-disciplinary dialogue and collaboration which was integral for accelerating innovation during this era – which was critical when an era like this arose
*   **Facilitated Research & Dissemination:** A single institution meant there were fewer distractions from competing universities or political conflicts; which encouraged scholars' dedication toward their research projects. This enabled an easier spread of ideas through journals and publications – an important factor during an era like this
*   **Political & Social Environment:** Edinburgh’s democratic nature fostered an environment where intellectuals could freely engage with policymakers without political restrictions. This allowed professors an easier opportunity than any other institution would be. This meant their work could be debated more effectively by public-opinion.

Essentially, Edinburgh’s organizational design created an environment where intellectuals could thrive – their diverse expertise and collaborative spirit enabled an acceleration toward groundbreaking discoveries – which was key in pushing an era like the Scottish Enlightenment forward.",dyn_avs_responses/avs_2p2_memorize.csv
